{"count":1,"self":804.94714879999992,"total":805.018202,"children":{"InitializeActuators":{"count":2,"self":0.001219,"total":0.001219,"children":null},"InitializeSensors":{"count":2,"self":0.00073799999999999994,"total":0.00073799999999999994,"children":null},"AgentSendState":{"count":219,"self":0.0022069999999999998,"total":0.015221,"children":{"CollectObservations":{"count":88,"self":0.0059559999999999995,"total":0.0059559999999999995,"children":null},"WriteActionMask":{"count":88,"self":0.00021999999999999998,"total":0.00021999999999999998,"children":null},"RequestDecision":{"count":88,"self":0.0068379999999999995,"total":0.0068379999999999995,"children":null}}},"DecideAction":{"count":219,"self":0.047466999999999995,"total":0.047466999999999995,"children":null},"AgentAct":{"count":219,"self":0.006405,"total":0.006405,"children":null}},"gauges":{},"metadata":{"timer_format_version":"0.1.0","start_time_seconds":"1726642755","unity_version":"2022.3.4f1","command_line_arguments":"\/Applications\/Unity\/Hub\/Editor\/2022.3.4f1\/Unity.app\/Contents\/MacOS\/Unity -projectpath \/Users\/msiniukov\/AvsZ_add\/ml2\/Project -useHub -hubIPC -cloudEnvironment production","communication_protocol_version":"1.5.0","com.unity.ml-agents_version":"3.0.0-exp.1","scene_name":"MainScene","end_time_seconds":"1726643560"}}